IDREGION,STATE,DISTRICT,GADM_DISTRICT,CENTROID_X,CENTROID_Y,MATCH_STATUS
IND_ANDHRAPRADESH_ADILABAD,Andhra Pradesh,ADILABAD,Adilabad,78.785443,19.287834,historical_state_crosswalk
IND_ANDHRAPRADESH_ANANTAPUR,Andhra Pradesh,ANANTAPUR,Anantapur,77.464996,14.311236,exact_normalised
IND_ANDHRAPRADESH_CHITTOOR,Andhra Pradesh,CHITTOOR,Chittoor,78.939397,13.333205,exact_normalised
IND_ANDHRAPRADESH_EASTGODAVARI,Andhra Pradesh,EAST GODAVARI,EastGodavari,82.14393,17.060053,exact_normalised
IND_ANDHRAPRADESH_GUNTUR,Andhra Pradesh,GUNTUR,Guntur,80.143541,16.120193,exact_normalised
IND_ANDHRAPRADESH_HYDERABAD,Andhra Pradesh,HYDERABAD,Hyderabad,78.466449,17.391932,historical_state_crosswalk
IND_ANDHRAPRADESH_KARIMNAGAR,Andhra Pradesh,KARIMNAGAR,Karimnagar,79.416208,18.512553,historical_state_crosswalk
IND_ANDHRAPRADESH_KHAMMAM,Andhra Pradesh,KHAMMAM,Khammam,80.659158,17.648369,historical_state_crosswalk
IND_ANDHRAPRADESH_KRISHNA,Andhra Pradesh,KRISHNA,Krishna,80.888919,16.541648,exact_normalised
IND_ANDHRAPRADESH_KURNOOL,Andhra Pradesh,KURNOOL,Kurnool,77.878833,15.431734,exact_normalised
IND_ANDHRAPRADESH_MAHBUBNAGAR,Andhra Pradesh,MAHBUBNAGAR,Mahbubnagar,78.000858,16.644927,historical_state_crosswalk
IND_ANDHRAPRADESH_MEDAK,Andhra Pradesh,MEDAK,Medak,78.103674,17.887066,historical_state_crosswalk
IND_ANDHRAPRADESH_NALGONDA,Andhra Pradesh,NALGONDA,Nalgonda,79.1666,17.113957,historical_state_crosswalk
IND_ANDHRAPRADESH_NIZAMABAD,Andhra Pradesh,NIZAMABAD,Nizamabad,78.037692,18.417719,historical_state_crosswalk
IND_ANDHRAPRADESH_PRAKASAM,Andhra Pradesh,PRAKASAM,Prakasam,79.729919,15.616436,exact_normalised
IND_ANDHRAPRADESH_SRIKAKULAM,Andhra Pradesh,SRIKAKULAM,Srikakulam,84.07575,18.697258,exact_normalised
IND_ANDHRAPRADESH_VIZIANAGARAM,Andhra Pradesh,VIZIANAGARAM,Vizianagaram,83.359673,18.506317,exact_normalised
IND_ANDHRAPRADESH_WARANGAL,Andhra Pradesh,WARANGAL,Warangal,79.850573,17.980621,historical_state_crosswalk
IND_ANDHRAPRADESH_WESTGODAVARI,Andhra Pradesh,WEST GODAVARI,WestGodavari,81.315692,16.847574,exact_normalised
IND_KARNATAKA_BANGALORERURAL,Karnataka,BANGALORE RURAL,BangaloreRural,77.614728,13.177348,exact_normalised
IND_KARNATAKA_BIDAR,Karnataka,BIDAR,Bidar,77.219591,17.954256,exact_normalised
IND_KARNATAKA_CHITRADURGA,Karnataka,CHITRADURGA,Chitradurga,76.575818,14.279313,exact_normalised
IND_KARNATAKA_DAKSHINAKANNADA,Karnataka,DAKSHINA KANNADA,DakshinaKannada,75.204445,12.828777,exact_normalised
IND_KARNATAKA_DHARWAD,Karnataka,DHARWAD,Dharwad,75.127326,15.336898,exact_normalised
IND_KARNATAKA_GADAG,Karnataka,GADAG,Gadag,75.653119,15.508228,exact_normalised
IND_KARNATAKA_HASSAN,Karnataka,HASSAN,Hassan,76.105719,12.951423,exact_normalised
IND_KARNATAKA_HAVERI,Karnataka,HAVERI,Haveri,75.395405,14.743146,exact_normalised
IND_KARNATAKA_KODAGU,Karnataka,KODAGU,Kodagu,75.777469,12.406712,exact_normalised
IND_KARNATAKA_KOLAR,Karnataka,KOLAR,Kolar,78.192771,13.111229,exact_normalised
IND_KARNATAKA_KOPPAL,Karnataka,KOPPAL,Koppal,76.159107,15.65316,exact_normalised
IND_KARNATAKA_MANDYA,Karnataka,MANDYA,Mandya,76.815323,12.58214,exact_normalised
IND_KARNATAKA_RAICHUR,Karnataka,RAICHUR,Raichur,76.856624,16.041451,exact_normalised
IND_KARNATAKA_RAMANAGARA,Karnataka,RAMANAGARA,Ramanagara,77.313748,12.727066,exact_normalised
IND_KARNATAKA_UDUPI,Karnataka,UDUPI,Udupi,74.873401,13.413125,exact_normalised
IND_KARNATAKA_UTTARAKANNADA,Karnataka,UTTARA KANNADA,UttaraKannada,74.525531,14.70572,exact_normalised
IND_TAMILNADU_ARIYALUR,Tamil Nadu,ARIYALUR,Ariyalur,79.210178,11.196697,exact_normalised
IND_TAMILNADU_CHENNAI,Tamil Nadu,CHENNAI,Chennai,80.252567,13.057213,exact_normalised
IND_TAMILNADU_COIMBATORE,Tamil Nadu,COIMBATORE,Coimbatore,76.942425,10.900215,exact_normalised
IND_TAMILNADU_CUDDALORE,Tamil Nadu,CUDDALORE,Cuddalore,79.398376,11.549058,exact_normalised
IND_TAMILNADU_DHARMAPURI,Tamil Nadu,DHARMAPURI,Dharmapuri,78.208849,12.106543,exact_normalised
IND_TAMILNADU_DINDIGUL,Tamil Nadu,DINDIGUL,Dindigul,77.770431,10.376407,exact_normalised
IND_TAMILNADU_ERODE,Tamil Nadu,ERODE,Erode,77.349132,11.479934,exact_normalised
IND_TAMILNADU_KANNIYAKUMARI,Tamil Nadu,KANNIYAKUMARI,Kanniyakumari,77.370026,8.292621,exact_normalised
IND_TAMILNADU_KARUR,Tamil Nadu,KARUR,Karur,78.090802,10.786735,exact_normalised
IND_TAMILNADU_KRISHNAGIRI,Tamil Nadu,KRISHNAGIRI,Krishnagiri,78.043393,12.472753,exact_normalised
IND_TAMILNADU_MADURAI,Tamil Nadu,MADURAI,Madurai,78.006559,9.898005,exact_normalised
IND_TAMILNADU_NAMAKKAL,Tamil Nadu,NAMAKKAL,Namakkal,78.154921,11.347699,exact_normalised
IND_TAMILNADU_PERAMBALUR,Tamil Nadu,PERAMBALUR,Perambalur,78.858963,11.25245,exact_normalised
IND_TAMILNADU_PUDUKKOTTAI,Tamil Nadu,PUDUKKOTTAI,Pudukkottai,78.872829,10.352982,exact_normalised
IND_TAMILNADU_RAMANATHAPURAM,Tamil Nadu,RAMANATHAPURAM,Ramanathapuram,78.817623,9.423787,exact_normalised
IND_TAMILNADU_SALEM,Tamil Nadu,SALEM,Salem,78.256113,11.628258,exact_normalised
IND_TAMILNADU_SIVAGANGA,Tamil Nadu,SIVAGANGA,Sivaganga,78.568693,9.944223,exact_normalised
IND_TAMILNADU_THANJAVUR,Tamil Nadu,THANJAVUR,Thanjavur,79.260887,10.579191,exact_normalised
IND_TAMILNADU_THENILGIRIS,Tamil Nadu,THE NILGIRIS,TheNilgiris,76.648605,11.435308,exact_normalised
IND_TAMILNADU_THENI,Tamil Nadu,THENI,Theni,77.429172,9.916685,exact_normalised
IND_TAMILNADU_THIRUVALLUR,Tamil Nadu,THIRUVALLUR,Thiruvallur,79.941464,13.24923,exact_normalised
IND_TAMILNADU_THIRUVARUR,Tamil Nadu,THIRUVARUR,Thiruvarur,79.587842,10.561873,exact_normalised
IND_TAMILNADU_TIRUCHIRAPPALLI,Tamil Nadu,TIRUCHIRAPPALLI,Tiruchirappalli,78.555677,10.845397,exact_normalised
IND_TAMILNADU_TIRUNELVELI,Tamil Nadu,TIRUNELVELI,Tirunelveli,77.568767,8.838215,exact_normalised
IND_TAMILNADU_TIRUPPUR,Tamil Nadu,TIRUPPUR,Tiruppur,77.334294,10.83475,exact_normalised
IND_TAMILNADU_TIRUVANNAMALAI,Tamil Nadu,TIRUVANNAMALAI,Tiruvannamalai,79.247289,12.432454,exact_normalised
IND_TAMILNADU_VELLORE,Tamil Nadu,VELLORE,Vellore,79.042643,12.783542,exact_normalised
IND_TELANGANA_ADILABAD,Telangana,ADILABAD,Adilabad,78.785443,19.287834,exact_normalised
IND_TELANGANA_KARIMNAGAR,Telangana,KARIMNAGAR,Karimnagar,79.416208,18.512553,exact_normalised
IND_TELANGANA_KHAMMAM,Telangana,KHAMMAM,Khammam,80.659158,17.648369,exact_normalised
IND_TELANGANA_MAHBUBNAGAR,Telangana,MAHBUBNAGAR,Mahbubnagar,78.000858,16.644927,exact_normalised
IND_TELANGANA_MEDAK,Telangana,MEDAK,Medak,78.103674,17.887066,exact_normalised
IND_TELANGANA_NALGONDA,Telangana,NALGONDA,Nalgonda,79.1666,17.113957,exact_normalised
IND_TELANGANA_NIZAMABAD,Telangana,NIZAMABAD,Nizamabad,78.037692,18.417719,exact_normalised
IND_TELANGANA_WARANGAL,Telangana,WARANGAL,Warangal,79.850573,17.980621,exact_normalised
