STATE,DISTRICT,NORMALISED_NAME,GADM_CANDIDATES
Andhra Pradesh,KADAPA,KADAPA,
Andhra Pradesh,RANGAREDDI,RANGAREDDI,
Andhra Pradesh,SPSR NELLORE,SPSRNELLORE,NELLORE
Andhra Pradesh,VISAKHAPATANAM,VISAKHAPATANAM,VISAKHAPATNAM
Karnataka,BAGALKOTE,BAGALKOTE,BAGALKOT; BANGALORE; BANGALORERURAL
Karnataka,BALLARI,BALLARI,BELLARY; CHIKBALLAPURA
Karnataka,BELAGAVI,BELAGAVI,BELGAUM
Karnataka,BENGALURU URBAN,BENGALURUURBAN,BANGALORERURAL
Karnataka,CHAMARAJANAGARA,CHAMARAJANAGARA,CHAMRAJNAGAR; RAMANAGARA
Karnataka,CHIKKABALLAPURA,CHIKKABALLAPURA,CHIKBALLAPURA; CHIKMAGALUR
Karnataka,CHIKKAMAGALURU,CHIKKAMAGALURU,CHIKMAGALUR; CHAMRAJNAGAR; CHIKBALLAPURA
Karnataka,DAVANGERE,DAVANGERE,DAVANAGERE; BANGALORE
Karnataka,KALABURAGI,KALABURAGI,CHIKBALLAPURA
Karnataka,MYSURU,MYSURU,MYSORE
Karnataka,SHIVAMOGGA,SHIVAMOGGA,SHIMOGA
Karnataka,TUMAKURU,TUMAKURU,TUMKUR
Karnataka,VIJAYAPURA,VIJAYAPURA,BIJAPUR; CHIKBALLAPURA
Karnataka,YADAGIRI,YADAGIRI,YADGIR; GADAG
Tamil Nadu,CHENGALPATTU,CHENGALPATTU,NAGAPPATTINAM
Tamil Nadu,KALLAKURICHI,KALLAKURICHI,KANNIYAKUMARI
Tamil Nadu,KANCHIPURAM,KANCHIPURAM,KANCHEEPURAM; RAMANATHAPURAM; VILUPPURAM
Tamil Nadu,NAGAPATTINAM,NAGAPATTINAM,NAGAPPATTINAM
Tamil Nadu,RANIPET,RANIPET,
Tamil Nadu,TENKASI,TENKASI,THENI; CHENNAI
Tamil Nadu,TIRUPATHUR,TIRUPATHUR,TIRUPPUR; THIRUVARUR; THIRUVALLUR
Tamil Nadu,TUTICORIN,TUTICORIN,
Tamil Nadu,VILLUPURAM,VILLUPURAM,VILUPPURAM; TIRUPPUR
Tamil Nadu,VIRUDHUNAGAR,VIRUDHUNAGAR,VIRUDUNAGAR
Telangana,BHADRADRI,BHADRADRI,HYDERABAD
Telangana,HANUMAKONDA,HANUMAKONDA,NALGONDA
Telangana,JAGITIAL,JAGITIAL,
Telangana,JANGOAN,JANGOAN,
Telangana,JAYASHANKAR,JAYASHANKAR,
Telangana,JOGULAMBA,JOGULAMBA,
Telangana,KAMAREDDY,KAMAREDDY,RANGAREDDY
Telangana,KOMARAM BHEEM ASIFABAD,KOMARAMBHEEMASIFABAD,
Telangana,MAHABUBABAD,MAHABUBABAD,MAHBUBNAGAR
Telangana,MANCHERIAL,MANCHERIAL,
Telangana,MEDCHAL MALKAJGIRI,MEDCHALMALKAJGIRI,
Telangana,MULUGU,MULUGU,
Telangana,NAGARKURNOOL,NAGARKURNOOL,
Telangana,NARAYANAPET,NARAYANAPET,
Telangana,NIRMAL,NIRMAL,
Telangana,PEDDAPALLI,PEDDAPALLI,
Telangana,RAJANNA,RAJANNA,
Telangana,RANGAREDDI,RANGAREDDI,RANGAREDDY; WARANGAL
Telangana,SANGAREDDY,SANGAREDDY,RANGAREDDY
Telangana,SIDDIPET,SIDDIPET,
Telangana,SURYAPET,SURYAPET,
Telangana,VIKARABAD,VIKARABAD,NIZAMABAD; ADILABAD; HYDERABAD
Telangana,WANAPARTHY,WANAPARTHY,
Telangana,YADADRI,YADADRI,
