feature,raw_mean,raw_std,standardized_mean,standardized_std,autoencoder_reconstruction_mae
CROP_AREA,54406.03501683502,63292.26689184499,-6.220239437630506e-17,1.0,4200.576319181398
CENTROID_X,78.0352790915825,2.1293620325886815,-2.148375005766229e-15,0.9999999999999998,0.19435559172585243
CENTROID_Y,14.32979857104377,2.7332585237358016,1.4832878658965055e-16,0.9999999999999998,0.20942916808855966
WEATHER_DAY_COUNT,172.45925925925926,22.545439118378884,1.1483518961779397e-16,0.9999999999999998,0.7032956466931687
TMAX_MEAN,31.637741616045187,2.446175616337682,-1.291895883200182e-16,1.0,0.1616883654348353
TMIN_MEAN,21.625438949381707,2.2463959689292277,1.3875918745483438e-15,0.9999999999999999,0.17285791625556643
TAVG_MEAN,26.1008120103837,1.8156850042485861,9.760991117512487e-16,1.0,0.11335555007503743
VPRES_MEAN,23.36705455149848,3.895255473755289,-1.1435670966105316e-15,1.0,0.31889161964803786
WSPD_MEAN,2.6091822545896752,0.719322110080795,2.823031744770768e-16,1.0,0.06837957890463993
PREC_TOTAL,646.1404377104377,620.43181031872,1.1483518961779397e-16,0.9999999999999999,39.697764594184044
ET0_TOTAL,426.4196363636363,195.76733374842038,3.445055688533819e-16,1.0,22.566379153678746
RAD_TOTAL,907.3881011447811,99.78121338092934,2.6555637599114854e-16,1.0,10.499955251144268
RELH_MEAN,69.70987903390981,11.487191396013118,4.258471614993193e-16,1.0,0.8417168542023024
PS_MEAN,96.53157725337049,2.7333227007399206,-2.9988731288730155e-15,1.0,0.2626648671616068
GDD_BASE10,2762.0728013468015,408.3162290174383,-2.583791766400364e-16,1.0,21.502582840119924
AREA_FRACTION,0.046398305676767684,0.06584603567703036,-1.1961998918520205e-16,1.0,0.005432221478966763
TEMP_RANGE_MEAN,10.012302666663476,3.1040170971343386,0.0,0.9999999999999999,0.24696588066735933
WATER_BALANCE_PROXY,219.72080134680132,498.1890935185549,-1.4354398702224246e-17,0.9999999999999999,44.453552364875975
RAIN_PER_GDD,0.23858547610601155,0.23695541573003748,-7.775299297038134e-17,1.0,0.015018675126765153
RADIATION_PER_GDD,0.33276584615319676,0.04152455470501644,5.358975515497052e-16,1.0,0.0041357459928257154
CROP_AREA_LOG1P,9.667997466592592,2.23940105924424,2.392399783704041e-17,1.0,0.16152998438229466
